{"auc": 0.9882806012290317, "eer": 0.061202458063444626}